{
  "W1": [
    [
      -0.03804907473076822,
      -0.0886053349710211,
      -0.09351209559124192,
      0.005613838257965995,
      -0.19933366485129864,
      -0.06353031616409693,
      -0.05713064564052383,
      -0.016810814860306847
    ]
  ],
  "b1": [
    0.00652706842968817,
    0.0041392118533970105,
    -0.0042461123750720435,
    0.0009630252056435325,
    -0.0005600751414038221,
    -0.010898049564994936,
    -0.009800373634817264,
    -0.0028838265874647005
  ],
  "W2": [
    [
      0.09883935747088779
    ],
    [
      0.04571779339834543
    ],
    [
      -0.04548518519856798
    ],
    [
      -0.11208167066021218
    ],
    [
      -0.004566428633403845
    ],
    [
      -0.1859568509868176
    ],
    [
      -0.14959857145001124
    ],
    [
      -0.07206096745460057
    ]
  ],
  "b2": [
    -0.0006272533146584815
  ],
  "seconds_per_degree": 0.016666666666666666
}