{
  "W1": [
    [
      0.06724058012715085,
      0.12298245791629256,
      0.027556818370992844,
      -0.027573342325979907,
      0.012165821897466686,
      -0.11417333564081085,
      -0.10453364787484974,
      0.13194145434300983
    ]
  ],
  "b1": [
    -0.0036569224704339045,
    0.01153840454254992,
    -0.00026153706311579997,
    -0.0029314888884159145,
    0.001643198583940946,
    -0.0008916776750355069,
    0.0037544643467736197,
    -0.007353798595273213
  ],
  "W2": [
    [
      0.0577130295478158
    ],
    [
      -0.18385664808063445
    ],
    [
      0.004008134761135031
    ],
    [
      -0.04537147922592412
    ],
    [
      -0.026155181026419273
    ],
    [
      -0.013233633733879589
    ],
    [
      0.05885861649979917
    ],
    [
      0.11607378932726971
    ]
  ],
  "b2": [
    0.001427986873955868
  ],
  "seconds_per_degree": 0.016666666666666666
}