{
  "W1": [
    [
      -0.08556582640397362,
      0.17425350478703275,
      -0.0650198032483829,
      -0.05010420252402354,
      0.0325640937004757,
      0.0016966833616855787,
      0.0137239497500111,
      0.08716319847098948
    ]
  ],
  "b1": [
    -0.21768456495462404,
    -0.015182446960290977,
    -0.16680628420469523,
    -0.1284991683604258,
    0.44897935682021217,
    -0.0658163139321764,
    0.17652869957102094,
    -0.11955221416294931
  ],
  "W2": [
    [
      0.10807517339340643
    ],
    [
      -0.03481924004886271
    ],
    [
      0.08228015470628962
    ],
    [
      0.063400353236472
    ],
    [
      0.37559512694029407
    ],
    [
      -0.09670982888522588
    ],
    [
      0.14851649646869036
    ],
    [
      -0.13665491041802363
    ]
  ],
  "b2": [
    -0.3622891732053018
  ]
}