{
  "seconds_per_degree_left": 0.03319999999999981,
  "seconds_per_degree_right": 0.03316666666666633
}