{
  "seconds_per_degree_left": 0.018033414539700955,
  "seconds_per_degree_right": 0.01866666666666825
}