{
  "seconds_per_degree_left": 0.015681666666666667,
  "seconds_per_degree_right": 0.015681666666666667
}