{
  "seconds_per_degree_left": 0.017137278570069206,
  "seconds_per_degree_right": 0.016194615132278867
}