{
  "W1": [
    [
      0.02385559101688881,
      -0.09701155149979176,
      9.038970052540132e-05,
      -4.3982725030040156e-06,
      0.035799285780817224,
      0.03791868332182338,
      0.029190878141644238,
      0.008776172494372394
    ]
  ],
  "b1": [
    0.1804022209690071,
    -0.33530301059307643,
    -0.002839561762710557,
    -0.000370536883636736,
    -0.09659190454689617,
    0.15361788951519192,
    -0.06327830026670628,
    -0.020559315359612133
  ],
  "W2": [
    [
      0.17893353551265984
    ],
    [
      0.1346842117117215
    ],
    [
      -0.11521581771871764
    ],
    [
      -0.022960336315305595
    ],
    [
      -0.17153560895251488
    ],
    [
      0.15072644958889453
    ],
    [
      -0.11384780320944128
    ],
    [
      -0.0368779871293182
    ]
  ],
  "b2": [
    -0.24877402576193303
  ]
}