{
  "servo_15": {
    "spd_pos": 0.01583333333333333,
    "spd_neg": 0.016666666666666666
  },
  "servo_16": {
    "spd_pos": 0.016666666666666666,
    "spd_neg": 0.016666666666666666
  },
  "servo_17": {
    "spd_pos": 0.016666666666666666,
    "spd_neg": 0.016666666666666666
  },
  "servo_18": {
    "spd_pos": 0.014166666666666666,
    "spd_neg": 0.01428958333333333
  }
}