{
  "servo_12": {
    "spd_pos": 0.014312233761666666,
    "spd_neg": 0.015041666666666663
  },
  "servo_13": {
    "spd_pos": 0.016666666666666666,
    "spd_neg": 0.016666666666666666
  },
  "servo_14": {
    "spd_pos": 0.016666666666666666,
    "spd_neg": 0.016666666666666666
  }
}