{
  "servo_4": {
    "spd_pos": 0.016666666666666666,
    "spd_neg": 0.01583333333333333
  },
  "servo_5": {
    "spd_pos": 0.01583333333333333,
    "spd_neg": 0.015041666666666663
  },
  "servo_6": {
    "spd_pos": 0.016666666666666666,
    "spd_neg": 0.01583333333333333
  },
  "servo_7": {
    "spd_pos": 0.014166666666666666,
    "spd_neg": 0.016666666666666666
  }
}