{
  "servo_1": {
    "spd_pos": 0.012253981816718747,
    "spd_neg": 0.0158365
  },
  "servo_2": {
    "spd_pos": 0.01667,
    "spd_neg": 0.01667
  },
  "servo_3": {
    "spd_pos": 0.01667,
    "spd_neg": 0.01667
  }
}